OBJECTID_1,OBJECTID,Fire_Name,Fire_Year,Cause,Acres,Perimeter,Shape_Leng,Complex,Fire_Num,Label,Agency,TOT_ACRES_,Shape_Le_1,Shape_STArea_1,Shape_STLength_1,time_,comments,unit_id,fire,inc_num,Shape__Area,Shape__Length
180,0,79,2014, ,79.3941724273217,0,0, , , , ,79.30013838,0.04909232,320916.16784668,4170.14663296,,,,,,321295.815124512,4172.46533794799
181,0,Blakeslee,2014, ,1032.79459813854,0,0, , , , ,1031.53961757,0.13769165,4174492.74412537,11735.11084689,,,,,,4179557.42243958,11741.7654759812
182,0,Colson,2014, ,111.567941026923,0,0, , , , ,111.44908875,0.03999297,451018.4598236,3404.78781844,,,,,,451498.023635864,3406.50726860069
183,0,Colt Lake,2014, ,9.66617530646338,0,0, , , , ,9.67913413,0.01709412,39071.29882812,1539.29241815,,,,,,39117.5032577515,1540.21299284579
184,0,Lanningan,2014, ,73.7081119264037,0,0, , , , ,73.61869294,0.03998808,297923.17149353,3495.9229681,,,,,,298285.216957092,3497.98282555613
185,0,Log Gulch,2014, ,212.926796326497,0,0, , ,Not Set, ,212.66769334,0.06918608,860635.62234497,6233.52861811,,,,,,861681.488433838,6237.34961352904
186,0,Lost Horse,2014, ,58.8542439333961,0,0, , , , ,52.21712754,4148.81920865,237939.77103805,4148.81903072,,,,,,238173.903400421,4150.84980689068
187,0,Lost Mine Loop,2014, ,152.619178052647,0,0, , , , ,144.54885694,3508.34193705,616885.47569274,3508.34185538,,,,,,617625.994041443,3510.52431287727
188,0,Olin,2014, ,1331.32623991145,0,0, , , , ,1329.75224302,0.13069024,5381316.44464111,11504.28842315,,,,,,5387668.5499115,11510.9674634019
189,0,PK,2014, ,814.540610308884,0,0, , , , ,813.57003188,0.07829639,3292401.08666992,7217.09450822,,,,,,3296318.59802246,7221.56233909403
190,0,Seepay,2014, ,1059.99624825758,0,0, , , , ,915.87367273,18344.4100484,4284523.65418243,18344.40878841,,,,,,4289639.21583557,18355.5813842045
191,0,Thompson River Complex,2014, ,1652.2620197784,0,0, , ,Kookoosint, ,462.19062518,40436.651322,6679196.3244133,40436.64978425,,,,,,6686446.2720108,40458.2427370886
192,0,West Alder,2014, ,81.7505926033153,0,0, , , , ,81.65827628,0.03168394,330459.32756042,2787.44556566,,,,,,330831.870140076,2788.97637644119
193,0,Airheart-Rosebud,2014, ,2.65049950977777,0,0, ,LG29-226, ,CTY,2.64782463,0.00438558,10715.36808776,407.83385405,,,,,,10726.1575164795,408.042155723646
194,0,Anchor,2014, ,1.04999952768008,0,0, ,MCD-037, ,BLM,1.04955443,0.0027562,4247.39781188,254.88199242,,,,,,4249.18452453613,254.931140441533
195,0,Bailey,2014, ,6.61512122727831,0,0, ,MCD-145, ,BLM,6.61030974,0.00857264,26750.9773941,755.1096948,,,,,,26770.3014678955,755.393994616924
196,0,BeeGee,2014, ,0.155681035390102,0,0, ,MCD-212, ,BLM,0.15555185,0.00109428,629.49578857,101.73904366,,,,,,630.017044067383,101.780574050579
197,0,BellRoad-Wibaux,2014, ,106.515723322751,0,0, ,LG52-259, ,CTY,106.38680942,0.03329384,430532.13357543,2839.11556085,,,,,,431052.678375244,2840.7253762499
198,0,Benzien,2014, ,2.5500941559853,0,0, ,MCD-025, ,BLM,2.54703274,0.00539398,10307.47662353,475.56099896,,,,,,10319.8332366943,475.84163975302
199,0,Blankship,2014, ,1.681934323429,0,0, ,MCD-260, ,BLM,1.67992306,0.00398451,6798.40902709,365.18561303,,,,,,6806.52572631836,365.408641056131
200,0,Blazier,2014, ,613.963430215673,0,0, ,MCD-189, ,BLM,613.21695563,0.08732369,2481600.99758911,7950.0243985,,,,,,2484614.05705261,7954.95521773413
201,0,Bloom,2014, ,32.1794416156125,0,0, ,MCD-006, ,BLM,32.17052396,0.0280845,130189.49098968,2683.73529824,,,,,,130225.173126221,2683.89053081421
202,0,Blue,2014, ,135.328348561377,0,0, ,MCD-156, ,BLM,135.16787355,0.04009032,547004.96401977,3693.75441405,,,,,,547652.664077759,3696.02879216402
203,0,Bradshaw,2014, ,229.521067296901,0,0, ,MCD-240, ,BLM,229.51329388,0.06132342,928807.33589935,5675.54895276,,,,,,928835.901313782,5675.48944982804
204,0,Buck,2014, ,221.915668787996,0,0, ,MCD-106, ,BLM,221.82570986,0.06933525,897699.65214538,6185.58292704,,,,,,898058.055496216,6187.01274186715
205,0,Bull,2014, ,1.02195316867938,0,0, ,MCD-042, ,BLM,1.02158361,0.00359903,4134.20405578,328.71585068,,,,,,4135.68475341797,328.774460823308
206,0,Calf,2014, ,1369.52376905714,0,0, ,MCD-128, ,BLM,1367.86091602,0.16407251,5535536.70787048,14392.54799409,,,,,,5542248.26391602,14401.0666787433
207,0,CedarCanyon,2014, ,120.998687022154,0,0, ,MCD-182, ,BLM,120.89141911,0.03866796,489230.24282836,3573.39836833,,,,,,489662.870391846,3574.97316523251
208,0,Cottonwood,2014, ,1.37562445292683,0,0, ,MCD-149, ,BLM,1.37462449,0.00448651,5562.90874481,402.68072666,,,,,,5566.93719482422,402.829158368224
209,0,Creek,2014, ,136.991556699002,0,0, ,MCD-239, ,BLM,136.96460059,0.05452605,554276.051651,4774.41082589,,,,,,554383.465896606,4775.31002853222
210,0,Daleman-Rosebud,2014, ,0.42485581391457,0,0, ,LG29-036, ,CTY,0.42440706,0.00226443,1717.51336669,197.16109945,,,,,,1719.33110046387,197.262688304142
211,0,Dam,2014, ,0.396555134620199,0,0, ,MCD-253, ,BLM,0.39629366,0.00175875,1603.74580383,161.30183336,,,,,,1604.79736328125,161.352909610065
212,0,Darling,2014, ,1.86191282520293,0,0, ,MCD-195, ,BLM,1.86071992,0.00605091,7530.0670166,545.01263957,,,,,,7534.87040710449,545.190277173228
213,0,DeepCouleeSprings-Rosebud,2014, ,2.27755564607672,0,0, ,LG29-157, ,CTY,2.27584311,0.00468056,9210.01040649,410.88798535,,,,,,9216.91218566895,411.047975227841
214,0,Denbery3-Fallon,2014, ,3.56364038497736,0,0, ,LG39-261, ,CTY,3.55950635,0.00823322,14404.80847167,781.51649078,,,,,,14421.496307373,781.997762756366
215,0,Duffiald-Fallon,2014, ,2.94251181566592,0,0, ,LG39-262, ,CTY,2.9393331,0.00655565,11895.06059265,603.9280694,,,,,,11907.8858337402,604.258969556707
216,0,Egan-Rosebud,2014, ,28.1105824855655,0,0, ,LG29-263, ,CTY,28.08919272,0.01756735,113672.92924499,1621.25187118,,,,,,113759.136810303,1621.85580333733
217,0,Elk Shed,2014, ,82.0322912602769,0,0, ,MCD-148, ,BLM,81.97343473,0.02999526,331734.71154022,2709.46940825,,,,,,331971.871139526,2710.44552637318
218,0,FallonPump-Prairie,2014, ,62.287082070849,0,0, ,LG45-264, ,CTY,62.21183747,0.02717783,251762.38934326,2480.9463128,,,,,,252066.101715088,2482.47883168405
219,0,Fire11-Custer,2014, ,1.55873570104848,0,0, ,LG14-011, ,CTY,1.55692383,0.00688805,6300.64645385,603.15669264,,,,,,6307.95948791504,603.496167125843
220,0,Fire12-Custer,2014, ,2.02925375706635,0,0, ,LG14-012, ,CTY,2.02698334,0.00665446,8202.91397094,587.54688946,,,,,,8212.07389831543,587.869305596982
221,0,Fire144-3-Custer,2014, ,8.86185525896344,0,0, ,LG14-236, ,CTY,8.85190203,0.0464478,35822.37300109,4239.01407242,,,,,,35862.5406646729,4241.43810283514
222,0,Fire144-2-Custer,2014, ,1.26605110205656,0,0, ,LG14-236, ,CTY,1.26460443,0.00519363,5117.68801879,470.98535658,,,,,,5123.44795227051,471.254225665221
223,0,Forman-Custer,2014, ,143.505942085391,0,0, ,LG14-086, ,CTY,143.35547732,0.03690149,580139.02647399,3251.21821874,,,,,,580746.133224487,3252.88731287418
224,0,Gibson,2014, ,7.89954332578904,0,0, ,MCD-203, ,BLM,7.88994136,0.00968174,31929.46252441,826.45186382,,,,,,31968.2177429199,826.919937223522
225,0,HagenRanch,2014, ,0.692179181243576,0,0, ,MCD-041, ,BLM,0.69159971,0.00235376,2798.80400085,213.28819078,,,,,,2801.1403503418,213.377505514664
226,0,HAY,2014, ,8.68398222644326,0,0, ,MCD-216, ,BLM,8.67475623,0.01111538,35105.49615478,958.9287058,,,,,,35142.7198944092,959.418654800938
227,0,HayBale-Rosebud,2014, ,0.733555090935774,0,0, ,LG29-057, ,CTY,0.73278502,0.0022119,2965.47508239,205.98907083,,,,,,2968.58276367188,206.099512900408
228,0,Heavy,2014, ,25.2555246460717,0,0, ,MCD-111, ,BLM,25.24805027,0.02020379,102175.23738098,1820.78763493,,,,,,102205.16355896,1821.09805297557
229,0,Holstein-Wibaux,2014, ,0.12820801530536,0,0, ,LG52-265, ,CTY,0.12805255,0.00101219,518.21212768,97.27824566,,,,,,518.837982177734,97.3422663364902
230,0,HWY12MM233-Rosebud,2014, ,0.389107362921521,0,0, ,LG29-048, ,CTY,0.38865696,0.00324223,1572.83912658,270.2734164,,,,,,1574.65658569336,270.415219108054
231,0,HWY12MM250-Rosebud,2014, ,0.0165129369211139,0,0, ,LG29-266, ,CTY,0.01649482,0.00050519,66.75205993,44.06345646,,,,,,66.8252716064453,44.0870159756929
232,0,HWY39MM27-Rosebud,2014, ,3.54126583416979,0,0, ,LG29-267, ,CTY,3.53815737,0.00561193,14318.41319274,579.66257166,,,,,,14330.9498443604,579.910534385895
233,0,HWY39MM42-Rosebud,2014, ,0.744141373401968,0,0, ,LG29-058, ,CTY,0.74340559,0.00732389,3008.46324157,755.77467723,,,,,,3011.42347717285,756.166434822078
234,0,I94MM101-Rosebud,2014, ,0.334548608246271,0,0, ,LG29-069, ,CTY,0.33419737,0.0031204,1352.449234,245.3161403,,,,,,1353.8657989502,245.43006988591
235,0,I94MM89-Rosebud,2014, ,12.0172690487069,0,0, ,LG29-044, ,CTY,12.0047348,0.02721568,48581.439682,2186.98743289,,,,,,48632.0123138428,2188.02284582333
236,0,Jack,2014, ,17.2215962143693,0,0, ,MCD-165, ,BLM,17.21571349,0.01259938,69669.52693176,1180.10468896,,,,,,69693.1280059814,1180.25385972993
237,0,July10,2014, ,0.623059998274385,0,0, ,MCD-268, ,BLM,0.6225231,0.00252033,2519.2627716,216.74755527,,,,,,2521.42642211914,216.842328586523
238,0,July22-Fallon,2014, ,0.486215144621255,0,0, ,LG39-270, ,CTY,0.48574645,0.00194229,1965.747406,177.41084469,,,,,,1967.63682556152,177.496325265955
239,0,Kramer-Wibaux,2014, ,15.2476863341433,0,0, ,LG52-271, ,CTY,15.22930563,0.01954503,61630.82598876,1799.35707822,,,,,,61704.961517334,1800.48843549859
240,0,Kritenger-Wibaux,2014, ,0.0429826486730588,0,0, ,LG52-272, ,CTY,0.04293064,0.00057851,173.73330688,54.49426501,,,,,,173.944030761719,54.5297887987349
241,0,Kurkowski-Rosebud,2014, ,98.9735322287554,0,0, ,LG29-074, ,CTY,98.8776254,0.03256624,400143.53407287,2841.43633214,,,,,,400530.430847168,2842.79149012666
242,0,Kurkowski2-Rosebud,2014, ,17.0807495155443,0,0, ,LG29-078, ,CTY,17.06417105,0.01243758,69056.24334716,1079.16024189,,,,,,69123.138381958,1079.67522069134
243,0,Larasen - Wibaux,2014, ,5.49202835048597,0,0, ,LG52-273, ,CTY,5.48542871,0.0076836,22198.74066162,718.91535084,,,,,,22225.3939208984,719.37034057907
244,0,Lee,2014, ,22.2565261057595,0,0, ,MCD-102, ,BLM,22.25115648,0.01407707,90047.24003601,1318.04247363,,,,,,90068.6774139404,1318.1386456073
245,0,Liscom,2014, ,23.0861824372581,0,0, ,MCD-163, ,BLM,23.06931825,0.01939457,93358.21755981,1739.86585873,,,,,,93426.1750183105,1740.50964154753
246,0,Little,2014, ,0.972185917342977,0,0, ,MCD-249, ,BLM,0.97173935,0.00272617,3932.49526977,252.50400651,,,,,,3934.28495788574,252.558532428849
247,0,LittleWolf,2014, ,4.70695710599633,0,0, ,MCD-160, ,BLM,4.70340526,0.00826262,19034.00518798,753.39437892,,,,,,19048.322479248,753.676787132764
248,0,LO,2014, ,330.631911636059,0,0, ,MCD-181, ,BLM,330.50235761,0.08059441,1337491.74905396,8007.15104011,,,,,,1338015.70924377,8007.76093472432
249,0,Luhman-Rosebud,2014, ,2.72737142062519,0,0, ,LG29-274, ,CTY,2.72452198,0.00598828,11025.70256042,512.65298775,,,,,,11037.2462463379,512.910284358135
250,0,Martin-Custer,2014, ,0.18341684920978,0,0, ,LG14-275, ,CTY,0.18321307,0.00183155,741.43759155,151.73060324,,,,,,742.259292602539,151.807130047246
251,0,McRae-Rosebud,2014, ,6.8878767751219,0,0, ,LG29-035, ,CTY,6.88263231,0.00925809,27853.02626037,837.38251884,,,,,,27874.1611480713,837.701073425969
252,0,MichealsWell-Wibaux,2014, ,0.240317828564457,0,0, ,LG52-276, ,CTY,0.24002552,0.001517,971.35040283,132.38640871,,,,,,972.528381347656,132.464559424009
253,0,Montgomery,2014, ,9366.46917519534,0,0, ,MCD-133, ,BLM,9355.6583644,0.66847276,37861006.0970154,61169.26305081,,,,,,37904642.3898163,61205.135636546
254,0,MudButte,2014, ,6.78827001456263,0,0, ,MCD-166, ,BLM,6.78491559,0.00827501,27457.58345031,729.20792876,,,,,,27471.0687103271,729.415705786703
255,0,212,2014, ,0.781054918060378,0,0, ,MCD-173, ,BLM,0.78060593,0.00307768,3158.9990158,258.96578693,,,,,,3160.8049621582,259.060535857611
256,0,57,2014, ,0.00457548910471111,0,0, ,MCD-055, ,BLM,0.00457009,0.00036059,18.49412536,35.54983758,,,,,,18.5162963867188,35.5742147146759
257,0,Nutter,2014, ,0.809306265990424,0,0, ,MCD-040, ,BLM,0.80889814,0.00323645,3273.49424743,289.70154593,,,,,,3275.13600158691,289.780460797064
258,0,ODay,2014, ,130.496539385522,0,0, ,MCD-186, ,BLM,130.33782587,0.03493405,527458.43861389,3275.63464444,,,,,,528099.159545898,3277.75165240351
259,0,Peila-Custer,2014, ,2.72352547190859,0,0, ,LG14-277, ,CTY,2.72080512,0.00686753,11010.71626281,698.01924961,,,,,,11021.670211792,698.385046842283
260,0,PineHills-Carter,2014, ,0.435307841776941,0,0, ,LG42-254, ,CTY,0.43501587,0.00187247,1760.44447326,168.4079223,,,,,,1761.62219238281,168.464818393019
261,0,Powder,2014, ,9.38231163644676,0,0, ,MCD-124, ,BLM,9.38018099,0.00829514,37960.24829101,753.49354029,,,,,,37968.7490386963,753.588581804531
262,0,Powerline-Wibaux,2014, ,0.114574331381417,0,0, ,LG52-278, ,CTY,0.11443644,0.00202951,463.10171508,221.47479309,,,,,,463.664733886719,221.640387427721
263,0,PraireDale,2014, ,1.08373717334009,0,0, ,MCD-222, ,BLM,1.08287707,0.00303164,4382.24371337,284.08624698,,,,,,4385.71195983887,284.196130590208
264,0,Pumpkin,2014, ,4.23183105804184,0,0, ,MCD-150, ,BLM,4.2275673,0.01049186,17108.35746765,903.93246694,,,,,,17125.5585479736,904.375449288099
265,0,Raghorn,2014, ,216.291096549865,0,0, ,CMR-075, ,CMR,216.04144289,0.05081824,874288.68319702,4423.69652124,,,,,,875296.411834717,4426.18480578299
266,0,RedHorse,2014, ,51.9717278136604,0,0, ,MCD-135, ,BLM,51.90833159,0.04065339,210065.5390625,3659.16402017,,,,,,210320.162811279,3661.4190953777
267,0,Ridgeway,2014, ,548.250166183713,0,0, ,MCD-129, ,BLM,547.99734283,0.08815488,2217666.54724121,7997.18748691,,,,,,2218682.92425537,7999.06617392121
268,0,RitRoy-Carter,2014, ,0.562866473160527,0,0, ,LG42-251, ,CTY,0.56241243,0.00205831,2276.00386047,192.79563719,,,,,,2277.83268737793,192.871762232578
269,0,Sartin,2014, ,1.31067772874387,0,0, ,MCD-138, ,BLM,1.30973685,0.00560207,5300.31770324,513.01204598,,,,,,5304.10794067383,513.193385199369
270,0,Short,2014, ,7.90404645683634,0,0, ,MCD-104, ,BLM,7.90004895,0.01032263,31970.36212158,902.58863849,,,,,,31986.4421234131,902.85892882262
271,0,SluGrass-Rosebud,2014, ,75.7913121172357,0,0, ,LG29-225, ,CTY,75.73428221,0.04925982,306485.75920105,4378.54221295,,,,,,306715.613708496,4380.2228638925
272,0,SmokinHay-Carter,2014, ,0.0179102866371727,0,0, ,LG42-255, ,CTY,0.01789813,0.00037543,72.43132019,34.14726249,,,,,,72.4801330566406,34.1586593971329
273,0,SouthFork,2014, ,14.1545003935853,0,0, ,MCD-167, ,BLM,14.13735514,0.01736946,57211.84805297,1570.34688526,,,,,,57281.0493469238,1571.31076462071
274,0,SouthSawmill,2014, ,133.784943851279,0,0, ,MCD-015, ,BLM,133.63270201,0.0431219,540792.36573791,3720.67364152,,,,,,541406.763763428,3722.71985344927
275,0,SpringCreek-Custer,2014, ,24.9703742284306,0,0, ,LG14-112, ,CTY,24.9503715,0.0153103,100970.56872558,1572.14455611,,,,,,101051.204971313,1572.71960018237
276,0,StickleWell-Prairie,2014, ,3.26208280075617,0,0, ,LG45-279, ,CTY,3.25815746,0.00903449,13185.29815673,780.34513616,,,,,,13201.1409912109,780.790243848565
277,0,Strawberry,2014, ,0.0157372057496251,0,0, ,MCD-176, ,BLM,0.01571977,0.00032426,63.61517333,30.61144734,,,,,,63.6860198974609,30.6292320400386
278,0,SundayCreek-Custer,2014, ,15.7131722270925,0,0, ,LG14-061, ,CTY,15.69532428,0.0147979,63516.72801208,1304.56385081,,,,,,63588.7537536621,1305.28868469708
279,0,Swanson-Rosebud,2014, ,260.877053813213,0,0, ,LG29-079, ,CTY,260.59319616,0.05351451,1054583.23562622,4703.82055143,,,,,,1055728.38746643,4706.31539312369
280,0,Teigen-Carter,2014, ,1.58863796272466,0,0, ,LG42-250, ,CTY,1.58794062,0.00345198,6426.16470336,321.84756384,,,,,,6428.96969604492,321.911492333619
281,0,TFG-Rosebud,2014, ,0.222358269404838,0,0, ,LG29-056, ,CTY,0.22212525,0.00171066,898.907135,140.39252758,,,,,,899.849105834961,140.460374100218
282,0,TJ,2014, ,138.369656282177,0,0, ,MCD-127, ,BLM,138.24979431,0.0366723,559477.0463562,3159.48945641,,,,,,559960.231628418,3160.87287061167
283,0,TrailCreek,2014, ,18.7482287044068,0,0, ,MCD-180, ,BLM,18.72977458,0.01847984,75796.70831298,1574.00897818,,,,,,75871.1532592773,1574.76159152474
284,0,WalkingOnWater-Carter,2014, ,0.883394048266316,0,0, ,LG42-256, ,CTY,0.88280989,0.0025863,3572.60601806,245.73721835,,,,,,3574.95722961426,245.810285046994
285,0,WestButte,2014, ,4.85532687911351,0,0, ,MCD-107, ,BLM,4.85459495,0.00791363,19645.85416412,717.51845895,,,,,,19648.7497329712,717.584389913815
286,0,Wilson,2014, ,24.6759565602025,0,0, ,MCD-047, ,BLM,24.64616231,0.02461887,99739.48136901,2269.30396872,,,,,,99859.7414398193,2270.7291246925
287,0,Wiltse,2014, ,10.8513191292287,0,0, ,MCD-204, ,BLM,10.84371218,0.01873559,43882.94944763,1634.98283897,,,,,,43913.6021270752,1635.59269266585
288,0,Sawmill,2014, ,2.42778526332995,0,0, ,MCD-109, ,BLM,2.4260377,0.00821737,9817.82722473,726.17216666,,,,,,9824.86790466309,726.44286967396
289,0,HWY12MM245-Rosebud,2014, ,2.64268476951889,0,0, ,LG29-289, ,CTY,2.63971681,0.01049233,10682.55184936,857.32710414,,,,,,10694.5321350098,857.75593106279
290,0,HWY12MM247-Rosebud,2014, ,0.400698732443653,0,0, ,LG29-287, ,CTY,0.40025024,0.00313676,1619.75505065,256.81813929,,,,,,1621.56469726563,256.946972193751
291,0,Otter,2014, ,0.191333655615824,0,0, ,MCD-118, ,BLM,0.19127053,0.00133118,774.04325866,122.67849928,,,,,,774.297416687012,122.696294006726
292,0,HWY12MM246-Rosebud,2014, ,1.24462175319062,0,0, ,LG29-288, ,CTY,1.24322688,0.00692843,5031.15954589,566.18647383,,,,,,5036.78887939453,566.46965160715
293,0,BNSF1-Prairie,2014, ,6.39052972848206,0,0, ,LG45-283, ,CTY,6.38283429,0.01130605,25830.41267395,950.31954412,,,,,,25861.4753417969,950.842559985873
294,0,Calypso,2014, ,1.0207634216208,0,0, ,MCD-153, ,BLM,1.01953831,0.00284891,4125.92753601,263.35843994,,,,,,4130.8688659668,263.522381928503
295,0,BNSF2&3-Prairie,2014, ,27.9618923446548,0,0, ,LG45-284, ,CTY,27.92812734,0.02992207,113021.11471557,2568.61727404,,,,,,113157.403442383,2570.07379150208
296,0,HorseCreek-Custer,2014, ,1.00469540461452,0,0, ,LG14-293, ,CTY,1.00360793,0.00417177,4061.4570465,343.08007428,,,,,,4065.84539794922,343.249473260072
297,0,Butte,2014, ,1.35511589063599,0,0, ,MCD-292, ,BLM,1.35489469,0.00346626,5483.06346893,330.38804018,,,,,,5483.942237854,330.386676224132
298,118622,Green,2015,,48.1087235848942,,,,JJX4,,BLM,,,,,0000,WFDSS,MT-MCD, ,MT-MCD-000009,194688.508216858,2647.3437930515
299,118653,West Fork Road,2015,,532.82200398934,,,,JK2Y,,USFS,,,,,0600,WFDSS,MT-CGF, ,MT-CGF-010002,2156247.89096832,7783.44543727998
300,118659,Pinto,2015,,173.637801074836,,,,JLY2,,BLM,,,,,0000,WFDSS,MT-MCD, ,MT-MCD-000041,702685.005935669,4334.07591611604
301,118674,Ca Road,2015,,1958.99709486882,,,,JK3A,,BLM,,,,,0000,"WFDSS; GPS air",MT-BID, ,MT-BID-015110,7927757.58891296,16743.8257528847
302,118707,Limestone,2015,,25.4205833660561,,,,JU7T,,State Agency,,,,,1941,GPS,MT-CES, ,MT-CES-000071,102873.130691528,2484.33918474245
303,118890,Northeast Kootenai Complex,2015,,8671.32260922764,,,,J1YR,,USFS,,,,,0000, ,MT-KNF,Sunday,MT-KNF-000272,35091484.5294952,79585.3059692071
304,118945,Tillson,2015,,74.4948915448204,,,,000589,,USFS,,,,,0000,WFDSS,MT-FNF, ,MT-FNF-000589,301469.396614075,2524.2488961623
305,118947,Three Sisters,2015,,693.67155445145,,,,000435,,USFS,,,,,0000,WFDSS,MT-FNF, ,MT-FNF-000435,2807180.31143188,7911.60758126874
306,119021,Sheep Mountain,2015,,3786.00459520552,,,,J222,,USFS,,,,,0340,IR heat perimeter,MT-LCF, ,MT-LCF-005098,15321373.8927002,61620.2034644286
307,119066,Clark Fork Complex,2015,,26334.4629306197,,,,J10X,,USFS,,,,,2229,IR heat perimeter,ID-IPF, ,ID-IPF-000923,106571419.3316,222654.677139285
308,119128,Bear Lake,2015,,6555.78253077278,,,,J2E3,,USFS,,,,,2000,"WFDSS; GPS air",MT-BDF, ,MT-BDF-001330,26530230.559082,42209.5914457866
309,119396,Sucker Creek,2015,,3404.86065156457,,,,J1AW,,USFS,,,,,1729,WFDSS,MT-HNF, ,MT-HNF-000164,13778936.9559708,20080.7498740413
310,119405,Grizzly Complex,2015,,298.92693058714,,,,J114,,USFS,,,,,0104,IR heat perimeter,ID-IPF,South Bobtail,ID-IPF-000927,1209710.43218994,16875.0409749713
311,119420,Moose Ridge,2015,,10065.2284906418,,,,J1XR,,USFS,,,,,2205, ,MT-LCF, ,MT-LCF-005067,40732411.0569458,91280.5765415942
312,119481,Muddy Creek 2,2015,,2321.91334013586,,,,JZ43,,BIA,,,,,0817, ,MT-NCA, ,MT-NCA-015048,9396421.28579712,18252.7308279971
313,120475,Alex Camp Road,2015,,6010.70229523338,,,,JV18,,BLM,,,,,1200,WFDSS,MT-LED, ,MT-LED-000058,24324350.6724243,20245.1623047521
314,119893,Reynolds,2015,,4605.40647337068,,,,JZD9,,NPS,,,,,1600,"GPS helicopter; IR heat perimeter",MT-GNP, ,MT-GNP-000352,18637374.4740448,45534.320176491
315,120033,Buckhorn Saddle,2015,,17.3068400011799,,,,J1W8,,BLM,,,,,1521,WFDSS,MT-BRF, ,MT-BRF-015098,70038.2053718567,1031.99147227112
316,120276,Devils Backbone,2015,,43.3567076420339,,,,JZ2M,,BLM,,,,,1200,"WFDSS; GPS ground",MT-MCD, ,MT-MCD-000220,175457.494949341,2501.3681713009
317,120646,Glacier Rim,2015,,114.724938459465,,,,JUZ4,,USFS,,,,,1145,WFDSS,MT-FNF, ,MT-FNF-000189,464273.930397034,3573.63846499164
318,120712,Morrell Complex,2015,,920.502670984287,,,,J1SX,,USFS,,,,,0440,IR heat perimeter,MT-LNF,Richmond Ridge,MT-LNF-000851,3725130.58180237,15463.6207052719
319,120908,Melton 1,2015,,3155.93321769879,,,,J1NM,,BIA,,,,,1030,"WFDSS; GPS air",MT-FHA, ,MT-FHA-000131,12771570.4032288,21736.9805706056
320,120901,Benchmark,2015,,28.0865622623147,,,,J2QC,,USFS,,,,,2011, ,MT-LCF, ,MT-LCF-005096,113661.930175781,1837.62383093487
321,120943,West Fork Road,2015,,484.288601159732,,,,JK2Y,,USFS,,,,,2145, ,MT-CGF, ,MT-CGF-010002,1959840.7611084,8925.66745836023
322,120944,West Fork Road,2015,,398.494063930817,,,,JK2Y,,USFS,,,,,1800, ,MT-CGF, ,MT-CGF-010002,1612643.43164825,9308.73307306611
323,120947,West Fork Road,2015,,257.079547958642,,,,JK2Y,,USFS,,,,,1887,FIMT,MT-CGF, ,MT-CGF-010002,1040360.83643341,8855.29548154547
324,120993,Wildhorse Point,2015,,64.938185242417,,,,J1KA,,State Agency,,,,,0730,"WFDSS; GPS ground",MT-SWS, ,MT-SWS-000058,262794.721282959,2840.95824394693
325,121395,Alex Camp Road,2015,,1821.98625967299,,,,JV18,,BLM,,,,,1000,WFDSS,MT-LED, ,MT-LED-000058,7373280.4291687,12537.0228348721
326,121398,Lena Lake,2015,,1176.44010757571,,,,000720,,USFS,,,,,0000,WFDSS,MT-FNF, ,MT-FNF-000720,4760868.52133179,14714.4179051648
327,121403,Spring Lake,2015,,1421.44880709533,,,,000670,,USFS,,,,,0000,"WFDSS; IR heat perimeter",MT_FNF, ,MT-FNF-000670,5752378.68416595,14033.1966216635
328,121599,West Fork Fish Creek,2015,,14099.5792264324,,,,J2R1,,USFS,,,,,1947,IR heat perimeter,MT-LNF, ,MT-LNF-000834,57058793.0615654,73140.2050408748
329,121608,Cabin Gulch,2015,,2108.62736045075,,,,JZB1,,USFS,,,,,1113,GPS,MT-HNF, ,MT-HNF-000119,8533292.68102264,13874.9146647607
330,121823,Devils Backbone,2015,,19.7980579699639,,,,JZ2M,,BLM,,,,,0930,WFDSS,MT-MCD, ,MT-MCD-000220,80119.7514724731,1230.22059225707
331,121864,Scotchmans Gulch,2015,,367.73251589759,,,,J1JT,,USFS,,,,,2000,WFDSS,MT-BDF, ,MT-BDF-001240,1488155.13413239,6369.16653812349
332,122083,Muddy Creek 2,2015,,2321.91334013586,,,,JZ43,,BIA,,,,,2123, ,MT-NCA, ,MT-NCA-015048,9396421.28579712,18252.7308279971
333,122091,Thompson Divide Complex,2015,,23723.2009750148,,,,J12U,,NPS,,,,,2000,WFDSS,MT-GNP,Sheep,MT-GNP-000630,96004074.9645081,121760.003137793
334,122176,Bales,2015,,6506.37086788377,,,,JX0N,,BLM,,,,,0530,"WFDSS; GPS air",MT-MCD, ,MT-MCD-000147,26330270.2827606,26015.451023069
335,123591,Northeast Kootenai Complex,2015,,12.6494845299429,,,,J1YR,,USFS,,,,,0000,WFDSS,MT-KNF,Barnaby,MT-KNF-000272,51190.3615112305,864.838354371764
336,122247,Buffalo Road,2015,,122.057096282876,,,,JZ73,,BLM,,,,,1515,"WFDSS; IR heat perimeter",MT-BID, ,MT-BID-015481,493945.88848877,3090.07553733211
337,122248,Pine Ridge,2015,,2475.95362847493,,,,JZ7Z,,BIA,,,,,1500,WFDSS,MT-CRA, ,MT-CRA-015478,10019856.9388886,13703.1956783367
338,123592,Tepee Mountain,2015,,329.548767511579,,,,000252,,USFS,,,,,0000,WFDSS,MT-KNF, ,MT-KNF-000252,1333632.68011475,4816.43997120974
339,122361,Alex Camp Road,2015,,5759.82273341517,,,,JV18,,BLM,,,,,0800,"WFDSS; GPS air",MT-LED, ,MT-LED-000058,23309103.8579407,30216.7046290564
340,122373,Eustis,2015,,9495.24620653746,,,,J1QG,,State Agency,,,,,0001,WFDSS,MT-CES, ,MT-CES-000184,38425779.2792282,49031.7743311446
341,124450,Bear Creek,2015,,71590.2701271625,,,,J1G3,,USFS,,,,,1900,WFDSS,MT-FNF, ,MT-FNF-000541,289714592.943848,140173.897540307
342,122840,Northeast Kootenai Complex,2015,,67.1661539467188,,,,J1YR,,USFS,,,,,1538, ,MT-KNF,Dunn,MT-KNF-000272,271810.930175781,3014.19409450235
343,123067,Tween,2015,,4.93391200323105,,,,000248,,USFS,,,,,0000,WFDSS,MT-KNF, ,MT-KNF-000248,19966.7707748413,646.55423945044
344,123195,MM 26,2015,,303.281537006803,,,,JZC4,,BLM,,,,,0000,"WFDSS; GPS air",MT-MCD, ,MT-MCD-000198,1227333.0078125,4970.1496201652
345,125450,Northeast Kootenai Complex,2015,,67.1661539467188,,,,J1YR,,USFS,,,,,2212,IR heat perimeter,MT-KNF,Dunn,MT-KNF-000272,271810.930175781,3014.19409450235
346,123043,Little Joe,2015,,364.338184581209,,,,J2TA,,USFS,,,,,0055,IR heat perimeter,MT-LNF, ,MT-LNF-005160,1474420.53039169,5798.03685176484
347,123055,Pinto Point,2015,,37.5036929072974,,,,000267,,USFS,,,,,0000,WFDSS,MT-KNF, ,MT-KNF-000267,151771.590942383,1598.6506668783
348,123100,MM 26,2015,,2319.41124889083,,,,JZC4,,BLM,,,,,2100,WFDSS,MT-MCD, ,MT-MCD-000198,9386327.19796753,13172.9530149925
349,123229,Canyon Creek,2015,,9.65136017373505,,,,015032,,USFS,,,,,1900,WFDSS,MT-BRF, ,MT-BRF-015032,39057.5579338074,854.239867495826
350,123489,Buffalo Road,2015,,83.9803000562561,,,,JZ73,,BLM,,,,,1457,"WFDSS; GPS air",MT-BID, ,MT-BID-015481,339855.102249146,2799.6072895788
351,123555,Cabin Creek,2015,,894.277908632027,,,,J1UL,,State Agency,,,,,0000,WFDSS,MT-CES, ,MT-CES-001250,3618999.76108551,13777.4394892332
352,123616,Muddy Creek 2,2015,,3495.50644754364,,,,JZ43,,BIA,,,,,2030,"WFDSS; IR heat perimeter",MT-NCA, ,MT-NCA-015048,14145753.5252838,16821.4594026818
353,124547,Wildhorse Point,2015,,31.8476180423615,,,,J1KA,,State Agency,,,,,0000,WFDSS,MT-SWS, ,MT-SWS-000058,128883.011680603,1446.24875606596
354,124540,Perry Canyon,2015,,37.4133912154652,,,,001214,,USFS,,,,,0000,"WFDSS; No entry in FireCode",MT-BDF, ,MT-BDF-001214,151406.249443054,2042.57050201337
355,124865,Northeast Kootenai Complex,2015,,42.3294888404583,,,,J1YR,,USFS,,,,,0145,"IR heat perimeter
Barnaby FireCode J1YB",MT-KNF,Barnaby,MT-KNF-000272,171300.830200195,2106.23207540054
356,124868,Northeast Kootenai Complex,2015,,47.3258373695763,,,,J1YR,,USFS,,,,,0000, ,MT-KNF,Barnaby,MT-KNF-000272,191520.271247864,1880.63962702725
357,124870,Northeast Kootenai Complex,2015,,67.1661539467188,,,,J1YR,,USFS,,,,,0000, ,MT-KNF,Dunn,MT-KNF-000272,271810.930175781,3014.19409450235
358,124880,Youngs Creek,2015,,1446.87210641664,,,,000639,,USFS,,,,,2027,"IR heat perimeter; No entry in FireCode",MT-FNF, ,MT-FNF-000639,5855261.4978714,12489.1109217344
359,125004,Buckhorn Saddle,2015,,35.7612227593156,,,,J1W8,,BLM,,,,,1630,WFDSS,MT-BRF, ,MT-BRF-015098,144720.082275391,2601.14759606046
360,125175,Northeast Kootenai Complex,2015,,27.4314471920466,,,,J1YR,,USFS,,,,,2023,IR heat perimeter,MT-KNF,Barnaby,MT-KNF-000272,111010.776382446,2075.15097119965
361,125226,Tillson,2015,,111.194961615435,,,,000589,,USFS,,,,,0000,WFDSS,MT-FNF, ,MT-FNF-000589,449988.576507568,2563.59744406906
362,125304,Hart Lake,2015,,113.708533140955,,,,000741,,USFS,,,,,0000,WFDSS,MT-FNF, ,MT-FNF-000741,460160.779205322,3366.40589695229
363,125399,Northeast Kootenai Complex,2015,,56.1690801784021,,,,J1YR,,USFS,,,,,0000, ,MT-KNF,Barnaby,MT-KNF-000272,227307.530845642,2011.71614532318
364,125400,Northeast Kootenai Complex,2015,,67.1661539467188,,,,J1YR,,USFS,,,,,0000, ,MT-KNF,Dunn,MT-KNF-000272,271810.930175781,3014.19409450235
365,127043,Klondike,2015,,509.55159195713,,,,J3KW,,USFS,,,,,0900,"WFDSS; GPS air",MT-HNF, ,MT-HNF-000240,2062075.62602234,7146.94970391992
366,125449,Northeast Kootenai Complex,2015,,47.3258373695763,,,,J1YR,,USFS,,,,,2212,IR heat perimeter,MT-KNF,Barnaby,MT-KNF-000272,191520.271247864,1880.63962702725
367,125523,Northeast Kootenai Complex,2015,,47.044283346855,,,,J1YR,,USFS,,,,,2145,IR heat perimeter,MT-KNF,Barnaby,MT-KNF-000272,190380.867744446,2501.31098286151
368,126117,Black Lake,2015,,4.58593928167181,,,,J2S1,,BIA,,,,,1400,WFDSS,MT-FHA, ,MT-FHA-000151,18558.580947876,811.585621407903
369,126380,Trail Creek,2015,,23070.0258924315,,,,J2HR,,USFS,,,,,0000,WFDSS,MT-FNF, ,MT-FNF-000534,93360784.4523087,72298.3899991829
370,126759,Benchmark,2015,,36.4703710208949,,,,J2QC,,USFS,,,,,1153, ,MT-LCF, ,MT-LCF-005096,147589.868621826,1538.2767004946
371,126765,Waterton Lake,2015,,26.49400268997,,,,J1X3,,NPS,,,,,0000,"WFDSS; GPS ground",MT-GNP, ,MT-GNP-000576,107217.058364868,2379.53383218954
372,126845,Boulder,2015,,12.1576777395158,,,,J2NF,,USFS,,,,,0634, ,ID-NCF, ,ID-NCF-000742,49200.1317138672,987.4435587285
373,126847,Boulder,2015,,12.1576777395158,,,,J2NF,,USFS,,,,,2155, ,ID-NCF, ,ID-NCF-000742,49200.1317138672,987.4435587285
374,126858,Boulder,2015,,12.1576777395158,,,,J2NF,,USFS,,,,,0640, ,ID-NCF, ,ID-NCF-000742,49200.1317138672,987.4435587285
375,126923,Boulder,2015,,12.1576777395158,,,,J2NF,,USFS,,,,,2330, ,ID-NCF, ,ID-NCF-000742,49200.1317138672,987.4435587285
376,126998,Boulder,2015,,12.1576777395158,,,,J2NF,,USFS,,,,,2016,IR heat perimeter,ID-NCF, ,ID-NCF-000742,49200.1317138672,987.4435587285
377,127069,Boulder,2015,,12.1576777395158,,,,J2NF,,USFS,,,,,0000,FIMT,ID-NCF, ,ID-NCF-000742,49200.1317138672,987.4435587285
378,133718,RV Ranch,2015,,116.415377744195,,,,JY9T,,State Agency,,,,,0000,"Perimeter from FPER; GPS",MT-CES, ,MT-CES-000118,471114.851470947,4771.29311145399
379,127448,Cedar Peak,2015,,111.851495405222,,,,J3WM,,USFS,,,,,1800,"WFDSS; GPS air",MT-FNF, ,MT-FNF-000848,452645.44783783,4499.84345070165
380,127464,Cedar Peak,2015,,88.5671311351969,,,,J3WM,,USFS,,,,,0000,WFDSS,MT-FNF, ,MT-FNF-000848,358418.033584595,3580.99178522384
381,127569,Rocky Knob,2015,,3.46049147197494,,,,001821,,USFS,,,,,0000,"WFDSS; No entry in FireCode",MT-BDF, ,MT-BDF-001821,14004.0648040771,532.502025052108
382,125590,Benchmark,2015,,36.4703710208949,,,,J2QC,,USFS,,,,,0000,No entry in FireCode,MT-LCF, ,MT-LCF-005096,147589.868621826,1538.2767004946
383,121746,Middle Rock Creek,2015,,10.6878398867921,,,,005135,,USFS,,,,,1509,WFDSS,MT-LNF, ,MT-LNF-005135,43251.8942909241,893.424888394582
384,133716,Lane,2015,,91.8144519349252,,,,JU41,,USFS,,,,,0000,"Perimeter from FPER; GPS",MT-CGF, ,MT-CGF-000034,371558.746238709,3555.76109463224
385,126369,Benchmark,2015,,36.4703710208949,,,,J2QC,,USFS,,,,,2047, ,MT-LCF, ,MT-LCF-005096,147589.868621826,1538.2767004946
386,120037,Charlie,2015,,2291.42165643819,,,,J0D9,,BLM,,,,,0000,"WFDSS; GPS air",MT-MCD, ,MT-MCD-000265,9273024.94949341,13542.7963921155
387,133717,Red Rock,2015,,1193.68785494914,,,,J4EG,,State Agency,,,,,0000,"Perimeter from FPER; GPS",MT-CES, ,MT-CES-000410,4830668.26481628,14808.2123256509
388,121712,Tween,2015,,0.00440403480912894,,,,000248,,USFS,,,,,0000,"WFDSS; GPS ground",MT-KNF, ,MT-KNF-000248,17.8224334716797,28.1028270512651
389,1,Backus,2015,,8.41505709187717,,,, ,,MT DNRC,,,,, , , , , ,34054.4213638306,806.622457774937
390,1,Fisher Mountain,2015,,39.5323756274651,,,, ,,MT DNRC,,,,, , , , , ,159981.348457336,1630.61769654397
391,0,North Beaver,2015,,68.8769420949025,,,, ,,MT DNRC,,,,, , , , , ,278734.358131409,3142.5047500249
392,0,MM 99,2015,,39.5938958832347,,,, ,,MT DNRC,,,,, , , , , ,160230.302215576,3024.03053977143
393,0,Sunflower,2015,,28.5905623448924,,,, ,,MT DNRC,,,,, , , , , ,115701.539642334,1503.86061561564
394,0,Sunflower,2015,,8.84326163779073,,,, ,,MT DNRC,,,,, , , , , ,35787.298538208,889.360153053067
395,0,Twin Creek,2015,,5.61201952250764,,,, ,,MT DNRC,,,,, , , , , ,22710.9657974243,724.308420193796
396,0,Buffalo Gulch,2015,,25.376839365965,,,, ,,MT DNRC,,,,, , , , , ,102696.106330872,1811.83610272572
397,0,Burnt Ridge,2015,,41.4032508547476,,,, ,,MT DNRC,,,,, , , , , ,167552.494445801,2154.11383964718
398,0,Chain Buttes,2015,,77.6389286846837,,,, ,,MT DNRC,,,,, , , , , ,314192.617736816,3571.84767954508
399,0,Chain Buttes,2015,,0.00154105199359831,,,, ,,MT DNRC,,,,, , , , , ,6.2364501953125,18.4860505237952
400,0,Chance,2015,,27.8698081390707,,,, ,,MT DNRC,,,,, , , , , ,112784.764266968,1737.12543528935
401,0,Cotton Wood North,2015,,71.216081572811,,,, ,,MT DNRC,,,,, , , , , ,288200.402587891,2516.67694234227
402,0,Crooked Creek,2015,,0.00640579139863832,,,, ,,MT DNRC,,,,, , , , , ,25.9232177734375,43.2323875119752
403,0,Missouri River,2015,,422.432498514431,,,, ,,MT DNRC,,,,, , , , , ,1709518.33914185,7714.6078274459
404,0,Murphy Wall,2015,,7.86512185497111,,,, ,,MT DNRC,,,,, , , , , ,31828.9185943604,785.205426888263
405,0,Weedon,2015,,0.575729117088542,,,, ,,MT DNRC,,,,, , , , , ,2329.88580322266,245.857367870011
406,0,Weedon,2015,,0.571319861877563,,,, ,,MT DNRC,,,,, , , , , ,2312.04222106934,243.570502668734
407,0,Woodhawk,2015,,7.09067301437811,,,, ,,MT DNRC,,,,, , , , , ,28694.8461761475,1115.40126864774
408,0,5 Mile,2015,,573.90675537212,,,, ,,MT DNRC,,,,, , , , , ,2322511.65422058,7062.75820156179
409,0,Arrowhead,2015,,646.916755216133,,,, ,,MT DNRC,,,,, , , , , ,2617970.95993805,8368.38319709988
410,0,Bar Diamond,2015,,458.690956239919,,,, ,,MT DNRC,,,,, , , , , ,1856250.67625427,7579.34194367679
411,0,Beaver,2015,,1542.53533023884,,,, ,,MT DNRC,,,,, , , , , ,6242399.57817078,16876.4382439977
412,0,Flight,2015,,2915.02589182645,,,, ,,MT DNRC,,,,, , , , , ,11796654.3829193,22550.3678594354
413,0,South Sarpy,2015,,5041.12641192809,,,,JX3B,,MT DNRC,,,,, , ,MT-LG22, ,MT-LG22-015411,20400652.6600647,32767.5652877204
414,0,Big Sarpy,2015,,88.261715439833,,,, ,,MT DNRC,,,,, , , , , ,357181.322494507,2463.97670606865
415,0,88,2015,,11.4697163389686,,,, ,,MT DNRC,,,,, , , , , ,46416.1493301392,1251.78359711604
416,0,Lazy R,2015,,3.05635838855039,,,, ,,MT DNRC,,,,, , , , , ,12368.6050720215,471.556983462533
417,0, ,2015,,7.1769832400422,,,, ,,MT DNRC,,,,, , , , , ,29044.1304397583,826.712945861726
418,0,Squeezer Creek,2015,,107.297410463565,,,, ,,MT DNRC,,,,, , , , ,MT-NWS-000694,434215.565765381,3504.62065107485
419,0,Locomotive,2015,,31.3161307647459,,,, ,,MT DNRC,,,,, , , , , ,126731.428115845,1597.99899648635
420,0,Kalispell Fires,2015,,89.9967167144878,,,, ,,MT DNRC,,,,, , , , , ,364202.672294617,4110.21534149289
421,0,Kalispell Fires,2015,,8.93116954689697,,,, ,,MT DNRC,,,,, , , , , ,36143.0494308472,819.85394637113
422,0,Bata Mountain,2015,,2.34451949667512,,,, ,,MT DNRC,,,,, , , , , ,9487.90422058105,485.720321499273
423,0,DNRC Fire,2015,,3.41373855648525,,,, ,,MT DNRC,,,,, , , , , ,13814.8667602539,613.811950437604
424,0,DNRC Fire,2015,,20.0857809860924,,,, ,,MT DNRC,,,,, , , , , ,81284.0188827515,1480.15205851337
425,,Egge,2015,,143.718894657564,,,,,,,,,,,,,,,,581607.913604736,4201.22207800341
426,,Flagstaff Hill,2016,,8663.49268283444,,,,,,,,,,,,,,,,35059803.039978,46551.8335406664
427,,Flat Top,2016,,8.76512339760772,,,,,,,,,,,,,,,,35471.0893554688,942.379697564657
428,,Missouri River,2015,,422.432498514431,,,,,,,,,,,,,,,,1709518.33914185,7714.6078274459
429,,Trophy Ridge,2016,,4478.11024884734,,,,,,,,,,,,,,,,18122212.6959076,29383.8820683998
430,,Riverbottom 2,2016,,6.51429292282762,,,,,,,,,,,,,,,,26362.3259429932,784.79152426905
431,,Tumbleweed,2016,,0.111201442161085,,,,,,,,,,,,,,,,450.014862060547,79.1743375559468
432,,Thunderstick,2016,,405.714714710221,,,,,,,,,,,,,,,,1641863.98869324,7087.30633381797
433,,Wall,2016,,1659.41879324457,,,,,,,,,,,,,,,,6715408.77970886,12825.960679179
434,,Moser Dome,2016,,855.902342986693,,,,,,,,,,,,,,,,3463703.47108459,11481.1912141029
435,,East Cooney,2016,,125.761161684854,,,,,,,,,,,,,,,,508935.779144287,4341.58487089778
436,,Elk Trail,2016,,10.1765118339001,,,,,,,,,,,,,,,,41182.753692627,948.358547316628
437,,Harris Road,2016,,879.586239346957,,,,,,,,,,,,,,,,3559548.37593079,16344.3878620693
438,,Crooked,2016,,230.912285867771,,,,,,,,,,,,,,,,934465.894042969,8668.2750941284
439,,Wacker,2016,,427.238990001525,,,,,,,,,,,,,,,,1728969.5362854,8453.09453826358
440,,Vineyard2,2016,,5664.00098668949,,,,,,,,,,,,,,,,22921326.9281921,33306.8127860278
441,,Colorado Gulch,2016,,15.8044464826522,,,,,,,,,,,,,,,,63958.1264038086,1439.37122540971
442,,Rattlesnake,2016,,583.011888097559,,,,,,,,,,,,,,,,2359358.1270752,7672.4262612306
443,,Soft Rock,2016,,0.723519318063791,,,,,,,,,,,,,,,,2927.96962738037,247.528379265391
444,,4 Buttes,2017,,1630.58972998825,,,,,,,,,,,,,,,,6598741.79830933,17411.090556798
445,,Alice Creek,2017,,29271.1144857172,,,,,,,,,,,,,,,,118455628.714233,210226.515176187
446,,Blacktail,2017,,2676.1773749776,,,,,,,,,,,,,,,,10830075.4218063,19299.917462437
447,,Chimney Creek,2017,,407.765474251673,,,,,,,,,,,,,,,,1650163.19593811,7118.51778586787
448,,Chinn,2017,,7013.01096625754,,,,,,,,,,,,,,,,28380563.0560913,28304.243367806
449,,Crow,2017,,7013.01096625754,,,,,,,,,,,,,,,,28380563.0560913,28304.243367806
450,,Crow,2017,,7013.01096625754,,,,,,,,,,,,,,,,28380563.0560913,28304.243367806
451,,Four Dances,2017,,22.2548971775151,,,,,,,,,,,,,,,,90062.0987472534,2348.28470109585
452,,Spring Creek,2017,,2.19640507744716,,,,,,,,,,,,,,,,8888.50817871094,442.157743570909
453,,Spring Creek,2017,,2.19640507744716,,,,,,,,,,,,,,,,8888.50817871094,442.157743570909
454,,Antler Ridge ,2017,,1.78792928753554,,,,,,,,,,,,,,,,7235.47048950195,466.691943981678
455,,Sage Hill Fire,2017,,1118.59929008003,,,,,,,,,,,,,,,,4526796.59395599,16040.6283248018
456,,Huckmuth Road,2017,,15.6728864227472,,,,,,,,,,,,,,,,63425.7231140137,1423.929158134
457,,Lazier 3,2017,,1216.64274724694,,,,,,,,,,,,,,,,4923564.03879547,11529.7674373584
458,,Woodward Creek ,2017,,0.980934107547633,,,,,,,,,,,,,,,,3969.6870803833,299.112573342199
459,,Twin Lakes East,2017,,2.86311236741107,,,,,,,,,,,,,,,,11586.5686264038,889.430600033293
460,,McCully,2017,,642.591090162865,,,Highway 200 Complex,,,,,,,,,,,,,2600465.82597351,8513.03461070018
461,,Deep Creek,2017,,4668.31365998659,,,Highway 200 Complex,,,,,,,,,,,,,18891936.3222961,41183.1302895214
462,,Maurer Mountain,2017,,2716.7969932064,,,,,,,,,,,,,,,,10994453.4632263,20895.9552925329
463,,Chimney Creek Fire,2017,,407.762514982966,,,,,,,,,,,,,,,,1650151.22027588,7118.22374588616
464,,East Fork Fire,2017,,21912.7785610628,,,,,,,,,,,,,,,,88677593.3471832,68810.8991425007
465,1,Alpha-Rosebud,2017,,324.484514332607,,4693.11230948,,553,,CTY,324.48351876,,,,, ,MT/LG29,,,1313138.19354248,4693.16817550155
466,2,Angelwing,2017,,30.1233460266686,,1794.60872486,,334,,BLM,30.1232536,,,,, ,MT/MCFO,,,121904.476226807,1794.69177108731
467,3,Armells-Rosebud,2017,,13.8961036283681,,985.50687651,,265,,CTY,13.89606094,,,,, ,MT/LG29,,,56235.3608703613,985.13827060052
468,6,Barker,2017,,362.654804541794,,5818.77563991,,246,,BLM,362.65026501,,,,, ,MT/MCFO,,,1467593.17251587,5817.80640413034
469,7,Basin Creek,2017,,888.447264297985,,10795.242692,,253,,BLM,888.44455105,,,,, ,MT/MCFO,,,3595407.5350647,10796.5886835029
470,8,Battle,2017,,0.612107452757022,,252.97563224,,59,,BLM,0.61210614,,,,, ,MT/MCFO,,,2477.10330963135,253.016633482099
471,11,Bay Horse,2017,,724.448590939852,,11663.1314029,,508,,BLM,724.44632697,,,,, ,MT/MCFO,,,2931730.26028442,11660.7090032844
472,12,Beaver Flat,2017,,34.9221894481568,,1476.05242578,,367,,BLM,34.92207948,,,,, ,MT/MCFO,,,141324.646148682,1476.20235516051
473,13,Benny Spring,2017,,0.498667957352529,,217.9214011,,220,,BLM,0.49866555,,,,, ,MT/MCFO,,,2018.03126525879,217.853163367729
474,14,Big Cottonwood-Rosebud,2017,,7.87284268157608,,719.72463945,,104,,CTY,7.87281712,,,,, ,MT/LG29,,,31860.1644592285,719.751907703591
475,15,Big Sage,2017,,55.861127056814,,2620.68302919,,278,,BLM,55.86095965,,,,, ,MT/MCFO,,,226061.27142334,2620.90567710081
476,16,Big Sheep,2017,,65.5466450509202,,4282.79653519,,90,,BLM,65.54644211,,,,, ,MT/MCFO,,,265257.031158447,4283.18222577658
477,17,Bin-Custer,2017,,23.298840907365,,1275.80700549,,70,,CTY,23.29878974,,,,, ,MT/LG14,,,94286.833114624,1275.86794510822
478,18,Black Eagle,2017,,28.6253292670682,,1837.64703453,,47,,BLM,28.62525678,,,,, ,MT/MCFO,,,115842.307937622,1837.36326514962
479,20,Bogner,2017,,8.34030522162421,,829.14421263,,566,,BLM,8.34027921,,,,, ,MT/MCFO,,,33751.9127502441,829.026801115363
480,22,Breaks 2,2017,,83.0312549233456,,5016.66020735,,77,,BLM,83.03099833,,,,, ,MT/MCFO,,,336014.520233154,5016.23900271724
481,23,Brian,2017,,1.04823577462868,,365.03439815,,236,,BLM,1.04823243,,,,, ,MT/MCFO,,,4242.04650878906,365.027388901387
482,25,Brush Flat,2017,,34577.503675935,,90120.4754315,,552,,BLM,39380.2514347,,,,, ,MT/MCFO,,,139929738.006195,84401.6055586943
483,26,Buckskin-Rosebud,2017,,22.4365630057659,,1249.33451662,,349,,CTY,22.43649298,,,,,Coal Seam,MT/LG29,,,90797.2687683105,1249.45529392869
484,28,Buffalo,2017,,2495.93807315442,,21101.654963,,274,,BLM,3012.97197274,,,,, ,MT/MCFO,,,10100670.416153,17052.2727043135
485,29,Cache Creek,2017,,76.2342577936787,,4212.58766282,,344,,BLM,76.23402074,,,,, ,MT/MCFO,,,308508.135528564,4211.93882303868
486,30,Cap Rock,2017,,57.8267325751481,,2731.92192708,,42,,BLM,57.82655295,,,,, ,MT/MCFO,,,234015.748657227,2732.15095266334
487,31,Cedar,2017,,345.421597519,,8249.35077844,,89,,BLM,345.42050524,,,,, ,MT/MCFO,,,1397867.19012451,8248.99122752109
488,32,Cedar Creek,2017,,774.105286495768,,9908.91808682,,203,,BLM,774.1028987,,,,, ,MT/MCFO,,,3132683.35632324,9908.56301866075
489,33,Charles Street-Custer,2017,,0.10514968991529,,99.46670952,,102,,CTY,0.1051497,,,,,Fireworks,MT/LG14,,,425.525024414063,99.4419064448091
490,34,Cherry,2017,,606.071304408229,,8546.98546492,,402,,BLM,606.06933515,,,,, ,MT/MCFO,,,2452675.5880127,8547.64445163485
491,35,Coal,2017,,686.091983073938,,10035.3606826,,369,,BLM,686.089885,,,,, ,MT/MCFO,,,2776507.26107788,10033.4521237364
492,36,Coal Creek,2017,,34.1350757780893,,2406.68758973,,148,,BLM,34.13496892,,,,, ,MT/MCFO,,,138139.321548462,2406.45317032304
493,37,Coffee Pot,2017,,1960.45786413523,,16557.9040966,,284,,BLM,1960.45182813,,,,, ,MT/MCFO,,,7933667.0776825,16557.4052614113
494,38,Cohagen,2017,,1515.48631868634,,16772.6733148,,195,,BLM,1515.48154047,,,,, ,MT/MCFO,,,6132936.26745605,16770.4230702203
495,39,Cook,2017,,335.439016531754,,4862.17948763,,216,,BLM,335.43797698,,,,, ,MT/MCFO,,,1357469.29415894,4861.56320806419
496,40,Coon,2017,,155.512725386682,,3753.37771768,,353,,BLM,155.51223162,,,,, ,MT/MCFO,,,629335.698104858,3753.40020331091
497,41,Cottonwood,2017,,1407.24339645742,,11405.1242183,,249,,BLM,1407.23902295,,,,, ,MT/MCFO,,,5694894.31138611,11406.5990350301
498,43,Cow Pond,2017,,25.7415864602797,,1365.06625943,,97,,BLM,25.74150656,,,,, ,MT/MCFO,,,104172.179473877,1365.03468750344
499,44,Coyote,2017,,730.831081454292,,10361.2073282,,264,,BLM,730.82880277,,,,, ,MT/MCFO,,,2957559.23246765,10362.7715960447
500,45,Cracker Box,2017,,246.045280896023,,5518.87742298,,208,,BLM,246.04451884,,,,, ,MT/MCFO,,,995706.838562012,5519.05103211796
501,46,Crow Rock,2017,,7729.71067966814,,35568.2811619,,149,,BLM,7729.68690633,,,,, ,MT/MCFO,,,31280933.1218719,35558.6044643641
502,48,Daily,2017,,7.69647614825035,,938.4661347,,46,,BLM,7.69645201,,,,, ,MT/MCFO,,,31146.4371948242,938.49604859811
503,49,Daily Double,2017,,5.29869406981607,,808.65095607,,279,,BLM,5.29867916,,,,, ,MT/MCFO,,,21442.9872589111,808.529503030879
504,50,Danny,2017,,15.8966105489129,,1210.74029888,,596,,BLM,15.89656427,,,,, ,MT/MCFO,,,64331.1048583984,1210.37572593567
505,51,Divide,2017,,83.0233665881394,,2839.55418664,,597,,BLM,83.02310777,,,,, ,MT/MCFO,,,335982.58303833,2838.69035880941
506,53,Doonan,2017,,864.737663126508,,9904.44585613,,504,,BLM,864.7349689,,,,, ,MT/MCFO,,,3499458.24040222,9904.22785721927
507,54,Double E,2017,,12.8740341958688,,1093.86669769,,226,,BLM,12.8739938,,,,, ,MT/MCFO,,,52099.2061462402,1094.35696719402
508,55,Downey,2017,,8.72159161128717,,1078.65571444,,210,,BLM,8.72156336,,,,, ,MT/MCFO,,,35294.9161529541,1078.24896852886
509,56,Dry Creek,2017,,9.29936956652059,,1008.33059582,,231,,BLM,9.29934083,,,,, ,MT/MCFO,,,37633.0955276489,1008.8200909252
510,57,Dry Lake,2017,,38.9131160547425,,1707.60244917,,267,,BLM,38.91299585,,,,, ,MT/MCFO,,,157475.304862976,1707.8432243795
511,58,Dud,2017,,1137.18177532671,,10313.1333624,,435,,BLM,1137.17824775,,,,, ,MT/MCFO,,,4601997.07907104,10310.9224036627
512,59,Dunbar,2017,,232.151453770794,,5293.91130519,,560,,BLM,232.14944553,,,,, ,MT/MCFO,,,939482.081787109,5293.14766550921
513,60,Dutch,2017,,48.5188748364465,,2019.19647185,,591,,BLM,48.51871956,,,,, ,MT/MCFO,,,196348.316040039,2019.20654092162
514,61,East-Rosebud,2017,,16.907733132292,,1274.34605494,,139,,CTY,16.90766948,,,,,Fireworks,MT/LG29,,,68422.9197692871,1274.89638585024
515,62,East Fork,2017,,16.7594206704534,,1529.55632553,,283,,BLM,16.75936814,,,,, ,MT/MCFO,,,67822.7583770752,1529.65678553758
516,63,Edwards,2017,,1052.54651349563,,13325.6173931,,492,,BLM,1052.54312332,,,,, ,MT/MCFO,,,4259490.8789978,13325.9932080994
517,64,Elk,2017,,8.54097355857271,,979.61371879,,98,,BLM,8.5409472,,,,, ,MT/MCFO,,,34563.9865875244,979.985033053319
518,67,1026,2017,,8043.34636432536,,37397.0492779,,486,,BLM,8043.32148592,,,,, ,MT/MCFO,,,32550167.3247223,37396.0614979404
519,68,212,2017,,11.1319527480769,,896.84344117,,257,,BLM,11.13191729,,,,, ,MT/MCFO,,,45049.2782592773,896.79170979525
520,69,3X,2017,,7.06124431887613,,728.20342995,,232,,BLM,7.06122184,,,,, ,MT/MCFO,,,28575.7527618408,728.243589564287
521,71,First Creek,2017,,13.409377907909,,1793.74285046,,33,,BLM,13.40933478,,,,, ,MT/MCFO,,,54265.6514892578,1793.605849944
522,72,Flowing,2017,,4.65935904866342,,744.36814616,,373,,BLM,4.65934533,,,,, ,MT/MCFO,,,18855.7002258301,744.398279399032
523,73,Fort,2017,,0.0641569138238416,,75.12300545,,303,,BLM,0.06415683,,,,, ,MT/MCFO,,,259.632873535156,75.1213264791279
524,76,Glenn Gulch,2017,,0.682217884870103,,242.8107305,,62,,BLM,0.68221586,,,,, ,MT/MCFO,,,2760.82923126221,242.826756856794
525,77,Gooseberry,2017,,9.72788525032794,,997.44982007,,481,,BLM,9.72785492,,,,, ,MT/MCFO,,,39367.231918335,997.531501645147
526,78,Graveyard-Rosebud,2017,,0.127254711523556,,99.1132684,,409,,CTY,0.12725427,,,,, ,MT/LG29,,,514.97998046875,99.0935325211865
527,79,Griffin-Rosebud,2017,,13.9233239527423,,1103.11805462,,146,,CTY,13.9232811,,,,, ,MT/LG29,,,56345.5176544189,1103.12566188487
528,80,Gumbo Butte-Rosebud,2017,,45.276729031898,,3255.1965001,,81,,CTY,45.27659118,,,,, ,MT/LG29,,,183227.861282349,3254.88049838871
529,81,Halbert,2017,,8.23280422984269,,924.50984579,,266,,BLM,8.23277956,,,,, ,MT/MCFO,,,33316.8727111816,924.843169281781
530,82,Hammond Valley-Rosebud,2017,,2.852753914863,,576.30062902,,328,,CTY,2.85274463,,,,, ,MT/LG29,,,11544.6490325928,576.111975599017
531,83,Harrington,2017,,2.50318037188519,,436.68884652,,399,,BLM,2.50317232,,,,, ,MT/MCFO,,,10129.9800338745,436.674349680303
532,84,Hart,2017,,166.670757025378,,3391.46047072,,577,,BLM,166.67023545,,,,, ,MT/MCFO,,,674490.507049561,3391.54755776854
533,85,Hathaway,2017,,0.681614260740701,,265.96474491,,128,,DNRC,0.681612,,,,,Arson,MT/EAS,,,2758.38604736328,265.976734641351
534,86,Hay Creek,2017,,1.00059971887183,,308.20341972,,37,,BLM,1.00059646,,,,, ,MT/MCFO,,,4049.27082061768,308.255232805635
535,88,Hendrickson Coulee,2017,,7.81814773517481,,1138.33373638,,400,,BLM,7.81811913,,,,, ,MT/MCFO,,,31638.8183898926,1138.39427505055
536,89,Hidden Valley-Rosebud,2017,,3.02989811320568,,592.55585536,,414,,CTY,3.02988863,,,,,Coal Seam,MT/LG29,,,12261.5244140625,592.598550168837
537,90,High Point,2017,,17.7358845928103,,1260.26563067,,99,,BLM,17.73582986,,,,, ,MT/MCFO,,,71774.35597229,1260.43726754397
538,91,Horse Creek,2017,,72.0201358126559,,2465.95298006,,64,,BLM,72.01991006,,,,, ,MT/MCFO,,,291454.246032715,2465.68080733525
539,92,Horton,2017,,88.5114305180958,,2934.66994328,,051,,DNRC,88.51116345,,,,, ,MT/EAS,,,358191.948638916,2934.54785712272
540,93,Howard,2017,,371.780308135576,,6343.63504889,,129,,BLM,371.77928889,,,,,Arson,MT/MCFO,,,1504537.44491577,6344.48499449775
541,94,HWY39 MM18-Rosebud,2017,,0.0547462243002332,,138.08778889,,124,,CTY,0.05474605,,,,, ,MT/LG29,,,221.549026489258,138.028614161475
542,95,I94 MM105-Rosebud,2017,,0.201870061658087,,127.42477972,,429,,CTY,0.20186987,,,,,Arson,MT/LG29,,,816.936752319336,127.470867924486
543,96,Jackson,2017,,14.2421181551177,,1184.85706365,,401,,BLM,14.24207353,,,,, ,MT/MCFO,,,57635.6229858398,1184.82998663562
544,97,Kiwah,2017,,83.1791223789757,,3319.52618657,,333,,BLM,83.17886183,,,,, ,MT/MCFO,,,336612.90246582,3319.67803008425
545,98,Flat-Prairire,2017,,43.2410281619099,,1860.66783909,,109,,CTY,43.24088961,,,,, ,MT/LG45,,,174989.681488037,1860.3185795993
546,99,Lee Creek,2017,,4007.33614401546,,16697.4040051,,137,,BLM,4007.32370788,,,,, ,MT/MCFO,,,16217063.6631546,16697.9481285533
547,102,Level Up,2017,,14.2262148478101,,1294.62979234,,199,,BLM,14.22616983,,,,, ,MT/MCFO,,,57571.2591552734,1294.61202848887
548,103,Little Pumpkin,2017,,26.961714601414,,1528.16305039,,322,,BLM,26.96162897,,,,, ,MT/MCFO,,,109109.845184326,1528.05437527367
549,104,Lizard,2017,,4.52744213775232,,804.23887055,,91,,BLM,4.52742767,,,,, ,MT/MCFO,,,18321.8511657715,804.209399809323
550,108,Lone Tree,2017,,163.224374952709,,6208.04988977,,368,,BLM,163.22386552,,,,, ,MT/MCFO,,,660543.558959961,6208.63823646707
551,111,Lynch,2017,,12.3475085976311,,888.20947223,,526,,BLM,12.34747035,,,,, ,MT/MCFO,,,49968.4402923584,888.157950724572
552,112,Maxwell Butte,2017,,988.264868414197,,9895.07558612,,219,,BLM,988.26174978,,,,, ,MT/MCFO,,,3999353.41905212,9894.39846733285
553,113,McCabe,2017,,2.24785373153897,,824.39229241,,374,,BLM,2.24784701,,,,, ,MT/MCFO,,,9096.71278381348,824.583623415441
554,114,McGinnis Creek,2017,,628.892686643377,,10432.5017752,,183,,BLM,628.89074094,,,,, ,MT/MCFO,,,2545030.55369568,10431.9437854455
555,115,Mildred,2017,,0.00539389689612761,,18.06598616,,34,,BLM,0.00539396,,,,, ,MT/MCFO,,,21.8282470703125,18.0662701261879
556,116,Mile Marker 4,2017,,1478.79431426445,,12590.8869941,,174,,BLM,1478.7897581,,,,, ,MT/MCFO,,,5984449.79721069,12590.9316697726
557,117,Miles City,2017,,19.3775582576192,,1866.96498413,,336,,BLM,19.3774989,,,,, ,MT/MCFO,,,78417.9515533447,1867.62833377327
558,118,Miller Creek,2017,,11.3991092187923,,1212.42846403,,17,,BLM,11.39907386,,,,, ,MT/MCFO,,,46130.4141693115,1212.41661059752
559,119,Mills,2017,,22.8341975371477,,1360.62543555,,338,,BLM,22.83412725,,,,, ,MT/MCFO,,,92406.4302062988,1360.6420235435
560,120,Mitchell,2017,,1247.3334338028,,12355.7671299,,487,,BLM,1247.3291447,,,,, ,MT/MCFO,,,5047761.9105835,12357.0920728432
561,121,MM17,2017,,2.13453339337618,,436.10065038,,324,,DNRC,2.13452627,,,,, ,MT/EAS,,,8638.12251281738,436.217304904712
562,122,Montague Fire,2017,,4.73833025330447,,645.9103726,,141,,BLM,4.73831621,,,,, ,MT/MCFO,,,19175.282989502,645.97824119488
563,123,NNN Road-Rosebud,2017,,4.74299619406104,,557.09986176,,229,,CTY,4.74298238,,,,, ,MT/LG29,,,19194.1653289795,557.197647097134
564,124,North Reservation,2017,,10.3365418290134,,993.75336708,,527,,BLM,10.33650875,,,,, ,MT/MCFO,,,41830.3614654541,993.844513796139
565,125,O Dell Creek,2017,,3.45904278079316,,525.66437527,,309,,BLM,3.45903165,,,,, ,MT/MCFO,,,13998.2058105469,525.637710155845
566,126,Old HWY 10-Rosebud,2017,,5.30715167909963,,689.74778756,,428,,CTY,5.30713651,,,,, ,MT/LG29,,,21477.2144012451,689.806938864485
567,127,Paget,2017,,0.0563595920366121,,78.33186011,,49,,BLM,0.05635932,,,,, ,MT/MCFO,,,228.078453063965,78.3393660016301
568,128,Pass,2017,,18.5216516004309,,1208.11376471,,548,,BLM,18.52159381,,,,, ,MT/MCFO,,,74954.2312011719,1208.12971751842
569,130,Pinto,2017,,9.73991046571161,,1670.95253215,,67,,BLM,9.73988081,,,,, ,MT/MCFO,,,39415.8964157104,1670.88866243587
570,131,Pony Creek,2017,,53.2926357595074,,1895.07947561,,125,,DNRC,53.2924657,,,,, ,MT/EAS,,,215666.963531494,1895.4817593509
571,132,Potato,2017,,1094.84360680308,,13093.5357127,,371,,BLM,1094.84022284,,,,, ,MT/MCFO,,,4430661.1608429,13092.3839055195
572,133,Prong,2017,,0.689606995768821,,244.30796744,,479,,BLM,0.689605,,,,, ,MT/MCFO,,,2790.73179626465,244.272942325089
573,134,Quarter,2017,,308.090779549076,,11140.8805675,,562,,BLM,308.08985581,,,,, ,MT/MCFO,,,1246795.4465332,11142.1069102055
574,137,Red Butte,2017,,474.365600403683,,7310.07256572,,576,,BLM,474.36412794,,,,, ,MT/MCFO,,,1919683.5062561,7310.13838324745
575,138,Richard Coulee-Rosebud,2017,,21.134404618358,,1515.32839353,,75,,CTY,21.13433877,,,,,Coal Seam,MT/LG29,,,85527.6348114014,1515.22812146867
576,139,River,2017,,258.400981124652,,5170.71814749,,569,,BIA,258.40010387,,,,, ,MT/NCAC,,,1045708.09815979,5170.03109692708
577,141,Rock Spring-Rosebud,2017,,27.2418210773601,,1805.28167186,,315,,CTY,27.24173768,,,,, ,MT/LG29,,,110243.395248413,1805.48980940524
578,142,Romeo-Rosebud,2017,,0.318935625219116,,151.39034203,,583,,CTY,0.31893425,,,,, ,MT/LG29,,,1290.68263244629,151.391264866912
579,144,659 Reservation-Rosebud,2017,,1.18868708344563,,272.54793303,,352,,CTY,1.18868286,,,,, ,MT/LG29,,,4810.43106079102,272.559233009081
580,145,Rosebud Creek-Rosebud,2017,,0.725153454577999,,318.35752687,,107,,CTY,0.72515065,,,,, ,MT/LG29,,,2934.58271789551,318.191877681482
581,146,Rough,2017,,31.9923839129837,,1547.42216762,,215,,BLM,31.99228645,,,,, ,MT/MCFO,,,129468.187850952,1547.51849576969
582,147,Rough Draw-Rosebud,2017,,38.9543465117761,,1736.63347846,,142,,CTY,38.95422481,,,,,Coal Seam,MT/LG29,,,157642.150054932,1736.70839422004
583,148,Rough Prong,2017,,0.192564075368727,,211.30930055,,144,,BLM,0.19256334,,,,, ,MT/MCFO,,,779.276657104492,211.336914429238
584,149,Sagebrush Draw,2017,,658.688412144094,,8808.92426988,,494,,BLM,658.68636038,,,,, ,MT/MCFO,,,2665609.12658691,8808.22525956028
585,150,Sand,2017,,9.62436091222648,,1315.8428232,,164,,BLM,9.62433236,,,,, ,MT/MCFO,,,38948.2891845703,1315.74597648507
586,151,Sand Arroyo,2017,,49.8450808827901,,2581.01553988,,201,,BLM,49.84492392,,,,, ,MT/MCFO,,,201715.255157471,2580.99162243636
587,152,Sand Creek North-Rosebud,2017,,0.505518814221034,,239.47676387,,438,,CTY,0.5055172,,,,, ,MT/LG29,,,2045.75566101074,239.398099106418
588,153,Sarpy Fork,2017,,362.031662972924,,5138.25687639,,563,,BLM,362.03050854,,,,,Coal Seam,MT/MCFO,,,1465085.4866333,5138.03737057844
589,154,Sartin,2017,,57.4979552178265,,2445.9792781,,69,,BLM,57.49778017,,,,, ,MT/MCFO,,,232685.244186401,2445.35733537517
590,155,Sartin Draw,2017,,99894.2994395638,,159778.770097,,543,,BLM,99713.9698402,,,,, ,MT/MCFO,,,404256699.352371,155086.360021378
591,156,Sawmill-Rosebud,2017,,8.17179182688144,,713.36780027,,45,,CTY,8.17176695,,,,, ,MT/LG29,,,33069.9697418213,713.483635206
592,157,Schiller Creek,2017,,3.20068060164535,,694.28272456,,580,,BLM,3.20067058,,,,, ,MT/MCFO,,,12952.6543426514,694.400958706974
593,159,Sheep Creek,2017,,4.23512844418119,,505.07714477,,92,,BLM,4.23511641,,,,, ,MT/MCFO,,,17138.9036102295,505.05121753987
594,160,Shep,2017,,0.15696606035055,,152.14911945,,110,,BLM,0.15696542,,,,, ,MT/MCFO,,,635.217056274414,152.149050319765
595,161,Sierra-Rosebud,2017,,115.748978564266,,3388.72639529,,585,,CTY,115.74863224,,,,,Coal Seam,MT/LG29,,,468418.084747314,3388.1413423999
596,162,Sixteen,2017,,107.292059433832,,3748.40986019,,434,,DNRC,107.29175193,,,,, ,MT/EAS,,,434194.329193115,3748.23347916691
597,164,Skinner,2017,,10.6517302470116,,1074.82300386,,60,,BLM,10.65169611,,,,, ,MT/MCFO,,,43105.8885650635,1075.02220394296
598,165,Slough Grass-Rosebud,2017,,44.0471854435044,,1771.23826476,,143,,CTY,44.04705343,,,,,Coal Seam,MT/LG29,,,178252.099334717,1770.57975953368
599,166,Smokeoff,2017,,43.2813717003207,,2089.75786616,,359,,BLM,43.28124872,,,,, ,MT/MCFO,,,175152.989852905,2089.93555972627
600,168,Snake,2017,,7589.79523496938,,37502.4246457,,547,,BLM,7589.77156874,,,,, ,MT/MCFO,,,30714715.7364197,37499.5213444812
601,172,Soap,2017,,1.59443282626409,,485.92084591,,188,,BLM,1.59442811,,,,, ,MT/MCFO,,,6452.42073822021,485.862942204432
602,174,South,2017,,74.2877243774084,,2945.09414181,,299,,BLM,74.28748875,,,,, ,MT/MCFO,,,300630.811981201,2944.92368971861
603,175,South Cottonwood-Rosebud,2017,,3.80367426544392,,678.1751105,,572,,CTY,3.80366185,,,,,Coal Seam,MT/LG29,,,15392.8754882813,677.834014472251
604,177,Spring,2017,,4.32966679872052,,725.05686059,,23,,BLM,4.32965471,,,,, ,MT/MCFO,,,17521.4859924316,725.04126531944
605,178,Spring Creek,2017,,44.7727203371404,,1941.53363176,,431,,BLM,44.77257853,,,,, ,MT/MCFO,,,181188.188148499,1942.06254508325
606,180,Stocker-Rosebud,2017,,6.95815375523283,,625.12174294,,574,,CTY,6.95813169,,,,, ,MT/LG29,,,28158.558807373,625.075648075616
607,181,Stuart Draw,2017,,3.19230721296899,,483.61636967,,74,,BLM,3.19229656,,,,, ,MT/MCFO,,,12918.7689819336,483.65703969424
608,182,Sweeny,2017,,726.764410602991,,8896.72358131,,488,,BLM,726.76215902,,,,, ,MT/MCFO,,,2941102.07907104,8898.81842642917
609,183,Tango-Rosebud,2017,,5.32839377709251,,721.97856539,,588,,CTY,5.32837754,,,,, ,MT/LG29,,,21563.1773986816,722.165822463835
610,184,Tauck,2017,,383.490552432651,,6382.08486623,,406,,BLM,383.48933006,,,,, ,MT/MCFO,,,1551926.28962708,6379.5119647629
611,191,Ten Mile,2017,,15.4095952924195,,1332.02374226,,54,,BLM,15.40954341,,,,, ,MT/MCFO,,,62360.2029571533,1332.25497757261
612,192,Three,2017,,189.562364110135,,4506.68831298,,502,,BLM,189.56176555,,,,, ,MT/MCFO,,,767129.256866455,4506.66920147229
613,193,Thurlow-Rosebud,2017,,0.0279055943856268,,46.29481432,,493,,CTY,0.02790544,,,,, ,MT/LG29,,,112.929565429688,46.2993470988714
614,196,Tidwell,2017,,11285.2674185565,,49154.6129658,,549,,BLM,11285.232175,,,,, ,MT/MCFO,,,45669714.1664352,49157.6621199067
615,198,Timber,2017,,6.37104721460341,,1018.20575442,,300,,BLM,6.37102781,,,,, ,MT/MCFO,,,25782.6328125,1018.26567285994
616,199,Tomason Rail-Prairie,2017,,15.9290408667865,,1320.88668275,,93,,CTY,15.92899175,,,,, ,MT/LG45,,,64462.3338317871,1321.09145057022
617,200,Tower,2017,,30.2344896280938,,1452.45862762,,366,,DNRC,30.23439006,,,,, ,MT/EAS,,,122354.229644775,1452.43137589505
618,201,Trail,2017,,356.295091309413,,5394.48775483,,397,,BLM,356.29396388,,,,, ,MT/MCFO,,,1441870.48399353,5392.86641996406
619,202,Trail Creek,2017,,54.6162618557824,,2647.39951106,,413,,BLM,54.61503948,,,,, ,MT/MCFO,,,221023.423904419,2648.02108246845
620,203,Tranmoe Island,2017,,22.4596763134206,,1173.2348551,,240,,BLM,22.45960391,,,,, ,MT/MCFO,,,90890.7965698242,1173.38327722904
621,204,Trembling,2017,,972.519768960466,,10328.803069,,320,,BLM,972.51666898,,,,, ,MT/MCFO,,,3935635.29481506,10330.0779743047
622,205,Tripp,2017,,6.68599831653976,,1050.53112531,,78,,BLM,6.68597612,,,,, ,MT/MCFO,,,27057.1910095215,1050.55151097621
623,206,Twin Buttes,2017,,200.604116052677,,5912.71763103,,372,,BLM,200.60349179,,,,, ,MT/MCFO,,,811813.529785156,5911.98105574011
624,207,Two Tree,2017,,1.68739964127279,,506.45712174,,270,,BLM,1.6873934,,,,, ,MT/MCFO,,,6828.6410369873,506.545575224254
625,208,Uniform,2017,,129.223778787281,,3695.9372683,,592,,BLM,129.22337847,,,,,Coal Seam,MT/MCFO,,,522948.46446228,3696.90211654029
626,209,Victor-Rosebud,2017,,0.803511319177875,,324.44967555,,480,,CTY,0.8035083,,,,, ,MT/LG29,,,3251.68469238281,324.337265357582
627,211,Well Spring,2017,,16.2106439445432,,1227.16270192,,225,,BLM,16.21059271,,,,, ,MT/MCFO,,,65601.9511413574,1227.65995656779
628,212,West,2017,,308.640557600192,,4883.54895384,,489,,BLM,308.63961037,,,,, ,MT/MCFO,,,1249020.16204834,4884.16089130548
629,214,Whiskey-Rosebud,2017,,34.3601837463072,,1860.24062372,,602,,CTY,34.36008256,,,,, ,MT/LG29,,,139050.310195923,1859.81611298218
630,215,White-Rosebud,2017,,0.982628683978088,,275.29853394,,134,,CTY,0.98262701,,,,,Arson,MT/LG29,,,3976.54582214355,275.352706068435
631,216,Wilbur,2017,,34.9963158704209,,2016.4405371,,364,,BLM,34.99620643,,,,, ,MT/MCFO,,,141624.624694824,2016.17159033391
632,217,Wildcat-Rosebud,2017,,1.77534962151375,,1042.65732442,,40,,CTY,1.77534009,,,,, ,MTLG29,,,7184.55842590332,1043.17404122212
633,219,Witten,2017,,28950.4865947118,,50375.690964,,150,,BLM,28950.3962693,,,,, ,MT/MCFO,,,117158097.03051,50377.8176650323
634,222,Wolff-Dawson,2017,,746.796066400262,,9981.02223238,,615,,CTY,746.79374145,,,,, ,MT/LG16,,,3022167.05270386,9981.62232380452
635,223,Xray-Rosebud,2017,,35.9614480490601,,1664.52525535,,603,,CTY,35.96134049,,,,, ,MT/LG29,,,145530.386611938,1664.94286386361
636,224,Yankee-Rosebud,2017,,11.7016663077412,,1228.74070015,,604,,CTY,11.70162393,,,,, ,MT/LG29,,,47354.8085327148,1228.87176907381
637,225,Yooper,2017,,7816.86949638229,,37327.1038891,,259,,BLM,7816.84520896,,,,, ,MT/MCFO,,,31633650.1557312,37327.0850373415
638,,Little Hogback,2017,,34279.7827835345,,,,,,,,,,,,,,,,138724928.325256,166893.176284662
639,,Fourth Fire,2017,,0.000264808724380171,,,,,,,,,,,,,,,,1.07167053222656,5.82844546962152
640,,HolmesGulch,2017,,109.934096560772,,,,977008,Not Set,,,,,,,,9999,,,444886.07522583,3516.50610729371
641,,Horsethief,2017,,0.973692296687123,,,,,,,,,,,,,,,,3940.38059997559,406.073309989594
642,,Cub Creek,2017,,3092.29023033343,,,,,,,,,,,,,,,,12514015.545639,44471.8004685556
643,,Reader,2017,,105.650892105617,,,,,,,,,,,,,,,,427552.656982422,3170.3446636704
644,,Reader 2,2017,,46.1723975286226,,,,,,,,,,,,,,,,186852.478050232,2320.25989176359
645,,Unk 4,2017,,0.128179435476854,,,,,,,,,,,,,,,,518.722118377686,84.9291003997289
646,,Unk 2,2017,,12.3714010865134,,,,,,,,,,,,,,,,50065.1306610107,980.383004844162
647,,Unk 3,2017,,5.64703536708513,,,,,,,,,,,,,,,,22852.6740036011,697.673039356981
648,,Unk 8,2017,,7.99299335166723,,,,,,,,,,,,,,,,32346.3947525024,770.796466846009
649,,Sheep Gap,2017,,11349.5046015906,,,,,,,,,,,,,,,,45929672.4378281,54008.8621091499
650,,Burdette,2017,,646.060466986303,,,,,,,,,,,,,,,,2614505.80288696,14426.4935980172
651,,Liberty,2017,,27835.2863606313,,,,,,,,,,,,,,,,112645056.268799,152953.637361341
652,,Lolo Peak,2017,,52747.9178436535,,,,,,,,,,,,,,,,213462583.910568,309427.399212237
653,,Mendenhall,2017,,1205.52486506541,,12447.9594467,, ,Not Set, ,,,,,, , ,,,4878570.45600891,12452.6750367521
654,,Rice Ridge,2017,,126074.623614033,,,,,,,,,,,,,,,,510204314.934364,494410.492516587
655,,7_29_17,2017,,450.873706188896,,,,,,,,,,,,,,,,1824616.58503723,8794.94854674296
656,,2017_07_14_2014,2017,,3679.45997907543,,,,,,,,,,,,,,,,14890200.6061096,21655.1450583757
657,,99 Beartooth,2017,,144.158668219116,,,,,,,,,,,,,,,,583421.072761536,3474.53991703496
658,,Megan,2017,,0.155260573789611,,,,,,,,,,,,,,,,628.315002441406,128.848408079741
659,,Overpass 1,2017,,300.327169636616,,,,,,,,,,,,,,,,1215377.21118164,4894.72324005141
660,,Overpass 2,2017,,89.9040794590182,,,,,,,,,,,,,,,,363827.746017456,3519.85371392097
661,,Overpass 3,2017,,4.48340638258666,,,,,,,,,,,,,,,,18143.6524658203,822.755495430635
662,,Overpass 5,2017,,5.16621567913818,,,,,,,,,,,,,,,,20907.1905212402,1611.71397066085
663,,Pryor Mountain Road,2017,,191.183665516627,,,,,,,,,,,,,,,,773704.97543335,3487.99204570056
664,,Ragged,2017,,333.520179245593,,,,,,,,,,,,,,,,1349704.04335022,8557.17769956584
665,,Sarpy Creek,2017,,137.204709157347,,,,,,,,,,,,,,,,555245.938919067,3071.17100911275
666,,Sietz Road,2017,,23.4869130809594,,,,,,,,,,,,,,,,95047.8783416748,1371.48563445831
667,,Trout Creek,2017,,2.07511933333264,,,,,,,,,,,,,,,,8397.6838684082,573.245119478758
668,,Snow Shoe,2017,,433.821875013547,,,,,,,,,,,,,,,,1755609.39379883,5857.4949707941
669,,Strawberry,2017,,10540.2195012615,,,,,,,,,,,,,,,,42654622.1821899,117435.538671373
670,,Tripple Crossing,2017,,1720.32592308887,,,,,,,,,,,,,,,,6961890.26257324,18072.0425085012
671,,West Fork,2017,,7340.67411804299,,,,,,,,,,,,,,,,29706561.4851456,75510.626590429
672,,Willow Creek,2017,,122.573922127074,,,,,,,,,,,,,,,,496037.468399048,2807.31174409431
673,126,Goat Creek,2017,,8065.4122086459,,,,, ,,,,,,, ,,,,32639461.5500641,38627.5429880754
674,129,Slide Rock,2017,,866.824352788065,,,,, ,,,,,,, ,,,,3507903.13335419,12954.4162223626
675,,Sunrise,2017,,22311.4441078947,,,,,,,,,,,,,,,,90290927.527565,101508.942007447
676,,191 South,2018,,2.59635764362652,,,,,,,,,,,,,,,,10507.0534210205,585.02684671894
677,,Adams,2018,,142.065566775646,,,,,,,,,,,,,,,,574917.145309448,3740.69304244777
678,,McDonald Creek,2018,,186.444931185587,,,,,,,,,,,,,,,,754513.506317139,7162.64593817843
679,,Virgelle,2018,,812.056751250044,,,,,,,,,,,,,,,,3286266.80461121,18078.8307645918
680,,Shellrock,2018,,500.805257248201,,,,,,,,,,,,,,,,2026680.51438904,7327.77189381867
681,3532,Bacon RInd,2018,,5236.55371722962,,,,,,USFS,,,,,,,,,,21191515.1267357,124145.871108246
682,3355,,2018,,6619.49368184441,,,,,,USFS,,,,,,,,,,26788056.9164925,69640.5242073768
683,2870,,2016,,49.5279763026537,,,,,,USFS,,,,,,WFDSS,,,,200432.439945221,2661.64974853423
684,6187,,2016,,579.295236622616,,,,,,DNRC,,,,,,,,,,2344317.33882141,15144.5302071766
685,3017,,2018,,4104.79058313702,,,,,,USFS,,,,,,Pulled from EGP REST Service,,,,16611446.1388245,61431.8862374676
686,11262,Conrow,2017,,2742.61636159709,,,,,,USFS,,,,,,"WFDSS; Perimeter labeled as 'Final'",,,,11098939.1498566,18220.845299771
687,3440,Goldstone,2018,,7647.2393900127,,,,,,USFS,,,,,,,,,,30947182.3699722,56938.0161342178
688,,Lodgepole Complex,2017,,274469.130347604,,,,,,,,,,,,,,,,1110733517.58752,311414.429557216
689,8725,Meyers,2017,,62023.3330023368,,,,,,USFS,,,,,,,,,,250998741.088821,593939.063132537
690,13261,Roaring Lion,2016,,8681.92854326047,,,,,,USFS,,,,,,,,,,35134409.2975731,55159.058197473
691,13090,Park Creek,2017,,17982.242620086,,,,,,USFS,,,,,,,,,,72771326.1528397,94381.9365566544
692,3118,,2016,,1459.06293827818,,,,,,NPS,,,,,,FIMT,,,,5904538.16533279,19983.4176541714
693,14654,Maple,2016,,4745.10487998813,,,,,,NPS,,,,,,Edited based on Viirs heat detections and observations from aerial recon on 9/11,,,,19202699.0479355,47146.1728349682
694,175,,2016,,4570.6746460317,,,,,,BIA,,,,,,WFDSS,,,,18496814.7052689,18534.9969521937
695,3709,,2018,,1203.06642468796,,,,,,BIA,,,,,,WFDSS,,,,4868621.87631226,12510.0573248532
696,12633,,2018,,2048.19118241528,,,,,,BIA,,,,,,"WFDSS; labeled as Final perimeter",,,,8288709.8416214,16804.6283068718
697,12836,,2017,,489.991372204112,,,,,,BIA,,,,,,,,,,1982918.73719025,7361.88554662147
698,3247,Copper King,2016,,28561.1154750682,,,,,,USFS,,,,,,FIMT,,,,115582374.41362,137735.388897895
699,23638,Miller Peak,2017,,4705.24104068767,,,,,,USFS,,,,,,"WFDSS;Drawn / Satellite",,,,19041371.8852158,27721.4964893958
700,14650,Moose Peak,2017,,13908.8119921826,,,,,,USFS,,,,,,,,,,56286790.1578369,88127.5381377494
701,10717,Caribou,2017,,22002.139709589,,,,,,USFS,,,,,,,,,,89039244.783577,215482.533222869
702,14803,Scalp,2017,,22147.3226001146,,,,,,USFS,,,,,,,,,,89626755.2973938,70195.7316305981
703,23694,Dolly Varden,2017,,424.412584255578,,,,,,USFS,,,,,,,,,,1717531.44462585,15240.7185922164
704,121748,Family Peak Complex,2015,,53253.6762412232,,,,J1PQ,,USFS,,,,,2217, ,MT-LCF,Spotted Eagle,MT-LCF-005061,215509260.295914,171928.944305395
705,13089,Sprague,2017,,16977.857488045,,,,,,NPS,,,,,,,,,,68706734.2641144,102080.786394151
706,8729,Gibraltar Ridge,2017,,12939.6594270918,,,,,,USFS,,,,,,,,,,52364779.6266632,106825.52501686
707,13193,Crucifixion Creek,2017,,10181.9144483915,,,,,,USFS,,,,,,,,,,41204617.9621582,47738.9454461221
708,12590,Sheep,2018,,1110.93436713704,,,,,,USFS,,,,,,,,,,4495777.86737061,16213.4927908574
709,12591,Howe Ridge,2018,,14516.8196677804,,,,,,NPS,,,,,,,,,,58747301.1702881,134089.278661927
710,14822,,2016,,1360.49495188076,,,,,,USFS,,,,,,,,,,5505710.33784485,11655.7055730123
711,12841,,2018,,3896.53228894401,,,,,,USFS,,,,,,,,,,15768665.6575928,40768.7022434679
712,3504,,2018,,2288.67234386299,,,,,,USFS,,,,,,,,,,9261899.74312592,59522.5272010257
713,5646,,2018,,272.542438816472,,,,,,USFS,,,,,,,,,,1102936.62281799,6123.58738697117
714,1542,,2017,,2974.20984958935,,,,,,BIA,,,,,,WFDSS,,,,12036157.7115631,21338.9496579341
715,12642,Adair Peak,2017,,4072.25736869264,,,,,,NPS,,,,,,,,,,16479789.5887299,61003.2546721879
716,12592,Boundary,2018,,2054.234361265,,,,,,NPS,,,,,,,,,,8313224.1227417,29611.5994652291
717,6163,Weasel,2017,,3856.06606766564,,,,,,USFS,,,,,,,,,,15604895.1592636,30062.5064527051
718,12578,,2018,,514.733604192092,,,,,,USFS,,,,,,,,,,2083046.21799469,6659.45520731454
719,12579,,2018,,280.184749307646,,,,,,USFS,,,,,,,,,,1133863.95070648,8142.05729141733
720,443,,2018,,2098.67353412941,,,,,,USFS,,,,,,,,,,8493004.09490967,42437.882789191
721,14066,Gold Hill,2018,,6501.87577594022,,,,,,USFS,,,,,,,,,,26312076.782692,40317.3495338014
722,14493,Davis,2018,,4138.05499161513,,,,,,USFS,,,,,,,,,,16746154.2240677,35794.5427212015
723,10289,Kenow,2017,,659.710074272115,,,,,,NPS,,,,,,,,,,2669750.79891205,14863.0484580128
724,458,Snow Creek,2019,,1821.29565417167,,,,,,USFS,,,,,, ,,,,7370499.11541748,35705.7541977342
725,287,Beeskove,2019,,432.876798864915,,,,,,FS,,,,,,"Pulled from EGP REST Service; IR Flight on 4/30/2019 at 0116",,,,1751784.83628845,35965.5345497498
726,2204,Balsam,2019,,32.2970315090566,,,,,,USFS,,,,,,WFDSS,,,,130701.068370819,1549.03855492138
727,2211,Carmine,2019,,52.1127892883513,,,,,,USFS,,,,,,WFDSS,,,,210891.812290192,2196.07587230234
728,1283,McClusky,2019,,3030.70741271734,,,,,,USFS,,,,,,WFDSS,,,,12264799.5790405,25978.0384373653
729,504,Horsefly,2019,,1363.6209714094,,,,,,USFS,,,,,, ,,,,5518361.25233459,24840.3020074314
730,981,Gleason,2019,,15.3610302563042,,,,,,USFS,,,,,,WFDSS,,,,62163.7652740479,1496.39229851528
731,452,Nevada Creek,2019,,57.4075924954533,,,,,,USFS,,,,,, ,,,,232319.547973633,3631.52546526086
732,1293,Owl Gulch,2019,,19.1838880246272,,,,,,USFS,,,,,, ,,,,77634.2040100098,1421.82293443025
733,582,Devils Tower,2019,,8.2088701335885,,,,,,USFS,,,,,, ,,,,33220.0172348022,958.041757849794
734,58,North Hills,2019,,5045.48664169184,,,,,,DNRC,,,,,, ,,,,20418296.4272919,49941.0832969927
735,2444,Mountain View,2019,,2668.98961007334,,,,,,C&L,,,,,, ,,,,10800986.5079041,18499.6603287179
736,1510,Miller Gulch,2019,,296.513494659718,,,,,,USFS,,,,,, ,,,,1199943.80089569,8215.34658147808
737,1071,Sage,2019,,3403.27127224418,,,,,,FWS,,,,,,WFDSS,,,,13772467.1729431,24992.5847255144
738,1069,Bunting,2019,,914.126986109073,,,,,,FWS,,,,,,WFDSS,,,,3699276.23614502,9661.01336893341
739,319,Ridgetop,2019,,11128.0058306347,,,,,,C&L,,,,,,WFDSS,,,,45033303.9408569,35002.698296827
